slug,old_category,new_category,title
"examination-certificate-fees-challan-07-01-2026","job","examination","Examination Certificate Fees Challan"
"result-of-postgraduate-entry-test-for-session-july-2026-06-24-2026","circular","examination","Result of Postgraduate Entry Test for Session July -2026"
"rescheduling-of-interviews-for-various-positions-in-the-colleges-institutes-and-departments-of-shaheed-mohtarma-benazir-bhutto-medical-university-06-22-2026","circular","job","Rescheduling of interviews for various positions in the Colleges, Institutes, and Departments of Shaheed Mohtarma Benazir Bhutto Medical University"
"time-table-for-supplementary-examination-for-1st-2nd-and-3rd-year-mbbs-examinations-06-17-2026","circular","examination","Time Table for Supplementary Examination for 1st, 2nd and 3rd Year MBBS Examinations"
"rescheduling-of-interviews-for-admission-to-postgraduate-courses-session-july-2026-06-17-2026","examination","admission","Rescheduling of Interviews for Admission to Postgraduate Courses Session July-2026"
"postgraduate-entry-test-for-session-july-2026-06-15-2026","examination","admission","Postgraduate Entry Test for Session July - 2026"
"admission-for-certificate-in-health-professions-education-c-hpe-session-2026-batch-09-05-21-2026","circular","admission","Admission for Certificate in Health Professions Education (C-HPE) Session 2026 Batch-09"
"time-table-theory-bsn-generic-post-rn-year-i-semester-ii-regular-examination-session-2024-25-05-21-2026","circular","examination","Time Table (Theory) BSN (Generic & Post-Rn) Year-I, Semester-II Regular Examination Session (2024-25)"
"admissions-for-postgraduate-studies-session-2025-26-05-14-2026","circular","admission","Admissions for Postgraduate Studies Session 2025-26"
"result-of-postgraduate-diploma-entry-test-session-january-2026-03-19-2026","circular","examination","Result of Postgraduate Diploma Entry Test Session January, 2026"
"time-table-theory-bsn-generic-year-iv-semester-viii-re-sit-examination-session-2020-21-03-02-2026","circular","examination","Time Table (Theory) BSN (Generic) Year-IV, Semester- VIII Re-sit Examination (Session 2020 - 21)"
"result-of-postgraduate-degree-diploma-theory-viva-voce-examination-session-september-2025-held-in-the-month-of-january-february-2026-02-10-2026","circular","examination","Result of Postgraduate Degree & Diploma (Theory & Viva Voce) Examination Session September 2025 held in the month of January & February 2026."
"result-of-postgraduate-degree-theory-and-viva-voce-examination-september-2025-held-in-the-month-of-january-2026-and-february-2026-02-06-2026","circular","examination","Result of Postgraduate Degree (Theory and Viva Voce) Examination September, 2025 held in the Month of January, 2026 and February, 2026."
"time-table-of-4th-5th-professional-pharm-d-annual-theory-ospe-examinations-session-2020-21-2019-20-of-smbbmu-larkana-01-28-2026","circular","examination","Time Table of 4th & 5th Professional Pharm - D (Annual) Theory & OSPE Examinations (Session 2020 - 21 & 2019 - 20) OF SMBBMU Larkana"
"interview-postponement-notice-for-pg-courses-january-2026-session-12-16-2025","circular","job","Interview Postponement Notice for PG Courses (January 2026 Session)"
"result-of-postgraduate-entry-tests-for-session-january-2026-12-11-2025","circular","examination","Result of Postgraduate Entry Tests for Session January -2026"
"notice-inviting-tender-for-services-for-convocation-2025-smbb-medical-university-larkana-11-28-2025","circular","tender","Notice Inviting Tender for Services for Convocation 2025 @ SMBB Medical University Larkana"
"admission-for-certificate-in-health-professions-educationc-hpe-session-2026-11-17-2025","circular","admission","Admission for Certificate in Health Professions Education(C-HPE) Session 2026"
"notice-to-affiliated-colleges-regarding-admission-announcement-11-11-2025","circular","admission","Notice to Affiliated Colleges Regarding Admission Announcement"
"admission-in-postgraduate-courses-for-the-session-january-2026-10-28-2025","circular","admission","Admission in Postgraduate Courses for the Session January 2026"
"result-of-postgraduate-degree-diploma-examination-session-march-2025-10-01-2025","circular","examination","Result of Postgraduate Degree & Diploma Examination Session March-2025"
"admissions-are-open-for-phd-in-physiology-07-31-2025","circular","admission","Admissions are open for PHD in Physiology"
"result-of-final-year-mbbs-supplementary-examination-for-session-2019-2020-held-in-the-month-of-may-2025-06-18-2025","circular","examination","Result of Final Year MBBS Supplementary Examination for Session 2019-2020 held in the month of May 2025"
"corrigendum-for-the-admission-to-postgraduate-courses-for-session-july-2025-06-05-2025","circular","admission","Corrigendum for the Admission to Postgraduate Courses for Session July-2025"
"revised-timetable-of-2nd-4th-professional-mbbs-supplementary-examinations-06-02-2025","circular","examination","Revised Timetable of 2nd & 4th Professional MBBS (Supplementary) Examinations"
"admission-to-postgraduate-courses-for-the-session-july-2025-05-25-2025","circular","admission","Admission to Postgraduate Courses for the Session July-2025"
"admission-for-certificate-in-health-professions-education-c-hpe-session-2025-batch-07-05-19-2025","circular","admission","Admission for Certificate in Health Professions Education (C-HPE) Session 2025 Batch-07"
"timetable-of-2nd-3rd-professional-bds-annual-theory-ospe-osce-examination-session-2022-23-2021-22-of-smbbmu-badc-larkana-centre-04-25-2025","circular","examination","Timetable of 2nd & 3rd Professional BDS Annual (Theory & OSPE / OSCE) Examination (Session 2022 - 23 & 2021 - 22) OF SMBBMU@ BADC Larkana Centre"
"time-table-of-1st-professional-dpt-2nd-semester-regular-examination-session-2023-24-04-25-2025","circular","examination","Time Table of 1st  Professional DPT 2nd Semester Regular Examination Session 2023-24"
"notice-for-postponement-of-mphil-biochemistry-viva-voce-examinations-scheduled-for-24th-april-2025-04-23-2025","circular","examination","Notice for Postponement of M.Phil Biochemistry Viva Voce Examinations Scheduled for 24th April 2025"
"result-of-first-professional-dpt-first-semester-re-sit-examination-session-2023-2024-04-23-2025","circular","examination","Result of First Professional DPT, First Semester Re-Sit Examination Session 2023-2024"
"academic-calendar-2025-03-19-2025","examination","circular","Academic Calendar - 2025"
"result-of-postgraduate-degree-and-diploma-theory-examinations-session-march-2024-11-29-2024","circular","examination","Result of Postgraduate Degree and Diploma Theory Examinations Session March-2024"
"result-of-postgraduate-diploma-examination-thesis-defence-held-in-the-month-of-november-2024-11-18-2024","circular","examination","Result of Postgraduate Diploma Examination (Thesis Defence) held in the month of November 2024"
"admission-for-certificate-in-health-professions-educationc-hpe-session-2025-batch-06-11-04-2024","circular","admission","Admission for Certificate in Health Professions Education(C-HPE) Session 2025 Batch-06"
"admissions-for-postgraduate-courses-for-session-january-2025-10-31-2024","circular","admission","Admissions for Postgraduate Courses for Session January 2025"
"timetable-for-postgraduate-degreediploma-theory-examination-march-2024-10-18-2024","circular","examination","Timetable for Postgraduate Degree/Diploma Theory Examination, March, 2024"
"result-of-ms-general-surgery-part-ll-postgraduate-degree-clinical-examination-session-march-2023-held-in-september-2024-09-30-2024","circular","examination","Result of  MS General Surgery Part-ll Postgraduate Degree (Clinical) Examination Session March 2023 held in September, 2024."
"result-of-second-professional-pharm-d-second-year-supplementary-examination-session-2020-2021-of-institute-of-pharmacy-smbbmu-larkana-held-in-the-month-of-august-2024-09-05-2024","circular","examination","Result of Second Professional Pharm-D, Second Year (Supplementary) Examination, Session 2020-2021 of Institute of Pharmacy, SMBBMU Larkana, held in the month of August 2024"
"result-of-second-professional-dpt-third-semester-regular-examination-session-2020-2021-08-30-2024","circular","examination","Result of Second Professional DPT, Third Semester Regular Examination Session 2020-2021"
"result-of-fourth-professional-dpt-seventh-semester-regular-examination-session-2019-2020-of-institute-of-physiotherapy-rehabilitation-sciences-iprs-smbbmu-larkana-held-in-the-month-of-june-2024-08-23-2024","circular","examination","Result of Fourth Professional DPT, Seventh Semester Regular Examination Session 2019-2020 of Institute of Physiotherapy & Rehabilitation Sciences (IPRS), SMBBMU Larkana, held in the month of June 2024"
"result-of-diploma-in-medical-jurisprudence-dmj-part-l-08-19-2024","circular","examination","Result of Diploma in Medical Jurisprudence (DMJ) Part-l"
"result-of-ms-and-dgo-gynaecology-obsterics-clinical-examination-08-17-2024","circular","examination","Result of MS and DGO  Gynaecology & Obsterics Clinical Examination"
"time-table-of-mphil-biochemistry-1st-semester-viva-examination-session-march-2024-08-17-2024","circular","examination","Time Table of MPHIL Biochemistry 1st Semester Viva Examination Session March - 2024"
"time-table-of-ms-part-ii-diploma-in-ophthalmology-clinical-examinations-september-2023-08-17-2024","circular","examination","Time Table of MS Part-II & Diploma in Ophthalmology Clinical Examinations September , 2023"
"result-of-third-fourth-and-final-year-mbbs-supplementary-examination-of-gambat-medical-college-gambat-07-29-2024","circular","examination","Result of Third, Fourth and Final Year MBBS (Supplementary) Examination of Gambat Medical College, Gambat"
"schedule-of-clinical-examination-of-md-cardiology-part-ii-clinical-examination-session-september-2023-07-22-2024","circular","examination","Schedule of Clinical Examination of MD Cardiology Part-II Clinical Examination Session September 2023"
"result-of-postgraduate-degree-and-diploma-theory-examinations-september-2023-held-in-the-month-of-may-2024-07-09-2024","circular","examination","Result of Postgraduate Degree and Diploma (Theory) Examinations September, 2023 held in the month of May, 2024."
"time-table-of-mphil-semester-i-theory-examinations-session-march-2024-07-08-2024","circular","examination","Time Table of M.PHIL Semester-I Theory Examinations  Session March 2024"
"notice-for-interview-calls-for-fcps-ii-medicine-candidates-07-03-2024","circular","job","Notice for Interview Calls for FCPS -II (Medicine) Candidates"
"notice-for-interview-calls-for-fcps-ii-gynae-obst-candidates-07-03-2024","circular","job","Notice for Interview Calls for FCPS -II (Gynae. Obst:) Candidates"
"result-of-postgraduate-degree-and-diploma-theory-examinations-september-2023-held-in-the-month-of-may-2024-06-28-2024","circular","examination","Result of Postgraduate Degree and Diploma (Theory) Examinations September, 2023 held in the month of May, 2024"
"result-of-entry-tests-of-mphil-diploma-md-ms-part-i-session-july-2024-06-28-2024","circular","examination","Result of Entry Tests of M.PHIL, Diploma, MD & MS PART-I Session July 2024"
"result-of-postgraduate-degree-and-diploma-theory-examinations-september-2023-held-in-the-month-of-may-2024-06-14-2024","circular","examination","Result of Postgraduate Degree and Diploma (Theory) Examinations September, 2023 held in the month of May, 2024."
"result-of-bs-generic-year-ii-semester-iv-regular-examination-session-2020-21-05-27-2024","circular","examination","Result of BS (GENERIC) Year-II, Semester-IV Regular Examination Session 2020-21"
"circular-for-postgraduate-examinations-of-session-march-2024-for-mphil-physiology-programs-05-24-2024","circular","examination","Circular for Postgraduate Examinations of Session March, 2024 for M.Phil Physiology programs."
"result-of-bsn-post-rn-year-il-semester-iv-regular-examination-session-05-22-2024","circular","examination","Result of BSN (POST-RN) Year-Il, Semester-IV Regular Examination Session"
"result-of-third-professional-pharm-d-third-year-annual-examination-session-2019-2020-of-institute-of-pharmacy-smbbmu-larkana-held-in-the-month-of-march-2024-05-21-2024","circular","examination","Result of Third Professional Pharm-D, Third Year (Annual) Examination, Session 2019-2020 of Institute of Pharmacy, SMBBMU Larkana, held in the month of March 2024"
"result-of-second-professional-pharm-d-second-year-annual-examination-session-2020-2021-of-institute-of-pharmacy-smbbmu-larkana-held-in-the-month-of-march-05-20-2024","circular","examination","Result of Second Professional Pharm-D, Second Year (Annual) Examination, Session 2020-2021 of Institute of Pharmacy, SMBBMU Larkana, held in the month of March"
"admissions-for-postgraduate-courses-for-session-july-2024-05-15-2024","circular","admission","Admissions for Postgraduate Courses for Session July 2024"
"rosult-of-first-professional-dpt-first-semester-re-sit-examination-session-2022-2023-05-11-2024","circular","examination","Rosult of First Professional DPT, First Semester Re-Sit Examination Session 2022-2023"
"admission-for-certification-in-health-professions-education-c-hpe-session-2024-batch-05-05-03-2024","circular","admission","Admission for Certification in Health Professions Education (C-HPE) Session 2024 Batch-05"
"result-of-bsgeneric-year-i-semester-i-regular-examination-of-smbbmu-and-its-affiliated-colleges-03-02-2024","circular","examination","Result of BS(Generic) Year-I, Semester-I Regular Examination of SMBBMU and its affiliated colleges"
"result-of-result-of-first-professional-dpt-first-semester-regular-examination-session-2022-2023-01-31-2024","circular","examination","Result of Result of First Professional DPT, First Semester Regular Examination Session 2022-2023"
"result-of-bs-post-rn-year-i-semester-i-regular-examination-session-2022-23-01-29-2024","circular","examination","Result of BS (POST-RN) Year-I, Semester-I Regular Examination Session 2022-23"
"result-of-postgraduate-degree-clinical-examination-march-2023-held-in-the-month-of-january-2024-01-25-2024","circular","examination","Result of Postgraduate Degree (Clinical) Examination March 2023 held in the month of January 2024"
"date-extension-for-notice-for-expression-of-interest-for-cafeteria-mess-services-on-rental-basis-01-19-2024","tender","circular","Date Extension for Notice for Expression of Interest for Cafeteria /Mess Services on Rental Basis"""
"result-of-bs-generic-year-i-semester-ii-regular-examination-session-2021-22-01-12-2024","circular","examination","Result of BS (GENERIC) Year-I, Semester-II Regular Examination Session 2021-22"
"result-of-bs-post-rn-year-i-semester-il-regular-examination-session-2021-22-01-12-2024","circular","examination","Result of BS (POST-RN) Year-I, Semester-Il Regular Examination Session 2021-22"
"result-of-second-professional-dpt-fourth-semester-regular-examination-session-2020-2021-of-institute-of-physiotherapy-rehabilitation-sciences-irs-smbbmu-larkana-moomal-institute-of-physiotherapy-allied-health-sciences-hyderabad-01-06-2024","circular","examination","Result of Second Professional DPT, Fourth Semester Regular Examination Session 2020-2021 of Institute of Physiotherapy & Rehabilitation Sciences (IRS). SMBBMU Larkana & Moomal Institute of  Physiotherapy & Allied Health Sciences Hyderabad"
"result-of-third-professional-dpt-sixth-semester-regular-examination-session-2019-2020-of-institute-of-physiotherapy-rehabilitation-sciences-irs-smbbmu-larkana-held-in-the-month-of-november-2023-01-06-2024","circular","examination","Result of Third Professional DPT, Sixth Semester Regular Examination Session 2019-2020 of Institute of Physiotherapy & Rehabilitation Sciences (IRS), SMBBMU Larkana, held in the month of November 2023"
"result-of-first-professional-dpt-second-semester-regular-examination-session-2021-2022-of-institute-of-physiotherapy-rehabilitation-sciences-irs-smbbmu-larkana-moomal-institute-of-physiotherapy-allied-health-sciences-hyderabad-and-shaaf-institute-01-06-20","circular","examination","Result of First Professional DPT, Second Semester Regular Examination Session 2021-2022 of Institute of Physiotherapy & Rehabilitation Sciences (IRS), SMBBMU Larkana, Moomal Institute of Physiotherapy & Allied Health Sciences Hyderabad and Shaaf Institute"
"notice-for-expression-of-interest-for-cafeteria-mess-services-on-rental-basis-01-04-2024","tender","circular","Notice for Expression of Interest for Cafeteria / Mess Services on Rental Basis"
"result-of-postgraduate-degree-theory-examination-march-2023-held-in-the-month-of-november-2023-01-01-2024","circular","examination","Result of Postgraduate Degree (Theory) Examination March, 2023 held in the month of November, 2023."
"time-table-for-clinical-examination-of-diploma-in-ophthalmalogy-12-30-2023","circular","examination","Time Table for Clinical Examination of Diploma in Ophthalmalogy"
"result-of-diploma-in-medical-radio-diagnosis-dmrd-part-1-held-in-month-of-december-2023-12-26-2023","circular","examination","Result of Diploma in Medical Radio-Diagnosis (DMRD) Part-1 held in month of December 2023."
"result-of-postgraduate-mphil-biochemistry-viva-examinations-session-march-2023-held-in-the-month-of-december-2023-12-21-2023","circular","examination","Result of Postgraduate M.Phil Biochemistry (VIVA) Examinations Session March 2023 held in the month of December, 2023."
"results-of-ms-gynaecology-obstetrics-part-i-and-dgo-diploma-in-gynecology-obstetrics-12-21-2023","circular","examination","Results of MS GYNAECOLOGY & OBSTETRICS PART I and DGO DIPLOMA IN GYNECOLOGY & OBSTETRICS)"
"notice-for-postgraduate-of-surgery-allied-for-the-interview-for-session-january-2024-12-19-2023","circular","job","Notice for Postgraduate of Surgery & Allied for the interview for Session January 2024"
"schedule-of-postgraduate-examinations-of-session-september-2023-12-19-2023","circular","examination","Schedule of Postgraduate Examinations of Session September, 2023"
"notice-for-postgraduate-of-medicine-allied-for-the-interview-12-18-2023","circular","job","Notice for Postgraduate of Medicine & Allied for the interview"
"result-of-postgraduate-degree-and-diploma-theory-examination-march-2023-12-16-2023","circular","examination","Result of Postgraduate Degree and Diploma (Theory) Examination March, 2023"
"time-table-for-mphil-biochemistry-part-i-and-part-ii-and-mphil-microbiology-part-ii-viva-examination-session-march-2023-12-14-2023","circular","examination","Time Table for MPHIL Biochemistry Part-I and Part-II and M.PHIL Microbiology Part-II Viva Examination - Session March, 2023"
"result-of-entry-test-of-fcps-ii-programs-12-09-2023","circular","examination","Result of Entry Test of FCPS-II Programs"
"admissions-for-mbbs-bds-courses-session-2023-24-12-01-2023","circular","admission","Admissions for MBBS / BDS Courses Session 2023-24"
"result-of-final-professional-bds-final-year-supplementary-examination-session-2018-2019-of-bibi-aseefa-dental-college-larkana-held-in-the-month-of-november-2023-11-29-2023","circular","examination","Result of Final Professional BDS, Final Year (Supplementary) Examination, Session 2018-2019 of Bibi Aseefa Dental College, Larkana held in the month of November 2023"
"result-of-postgraduate-entry-test-and-part-i-examination-session-january-2024-11-28-2023","circular","examination","Result of Postgraduate Entry Test and Part-I Examination Session January 2024"
"admission-for-certification-in-health-professionals-education-c-hpe-session-2024-batch-04-11-14-2023","circular","admission","Admission for Certification in Health Professionals Education (C-HPE) Session 2024 Batch-04"
"resutl-of-postgraduate-degree-diploma-theory-examination-march-2023-held-in-the-month-of-october-2023-11-14-2023","circular","examination","Resutl of Postgraduate Degree & Diploma (Theory) Examination March 2023 held in the month of October 2023."
"result-postgraduate-degree-and-diploma-theory-examination-march-2023-held-in-the-month-of-october-2023-11-04-2023","circular","examination","Result Postgraduate Degree and Diploma (Theory) Examination March, 2023 held in the month of October, 2023."
"corrigendum-for-advertisement-for-admissions-in-various-postgraduate-programs-for-the-session-january-2024-10-31-2023","circular","admission","Corrigendum for Advertisement for admissions in various Postgraduate Programs for the Session January, 2024"
"time-table-for-postgraduate-examination-10-31-2023","circular","examination","Time Table for Postgraduate Examination"
"result-of-postgraduate-diploma-theory-examinations-march-2023-held-in-the-month-of-october-2023-10-21-2023","circular","examination","Result of Postgraduate Diploma (Theory) Examinations March 2023 held in the month of October, 2023."
"admission-for-postgraduate-courses-for-session-january-2024-10-21-2023","circular","admission","Admission for Postgraduate Courses for Session January 2024"
"result-of-postgraduate-degree-diploma-theory-examination-march-2023-held-in-the-month-of-october-2023-10-18-2023","circular","examination","Result of Postgraduate Degree & Diploma (Theory) Examination March 2023 held in the month of October 2023"
"result-of-bsc-post-rn-year-il-semester-iii-regular-examination-session-2020-21-of-benazir-college-of-nursing-smbbmu-larkana-sindhu-institute-of-nursing-khairpur-mirs-and-lareeb-mustafa-institute-of-nursing-gambat-held-in-the-month-of-august-2023-10-10-202","circular","examination","Result of BSC (POST-RN) Year-Il, Semester-III Regular Examination Session 2020-21 of Benazir College of Nursing, SMBBMU Larkana, Sindhu Institute of Nursing Khairpur Mirs, and Lareeb Mustafa Institute of Nursing Gambat, held in the month of August 2023."
"result-of-bsgeneric-year-ii-semester-iii-regular-examination-session-2020-21-held-in-the-month-of-august-2023-10-10-2023","circular","examination","Result of BS(GENERIC) Year-II, Semester-III Regular Examination Session 2020-21 held in the month of August 2023"
"result-of-first-professional-dpt-first-semester-re-sit-examination-session-2021-2022-of-iprs-smbbmu-larkana-moomal-institute-of-physiotherapy-allied-health-sciences-hyderabad-and-shaaf-institute-institute-of-medical-modern-sciences-larkana-10-03-2023","circular","examination","Result of First Professional DPT. First Semester Re-Sit Examination Session 2021-2022 of IPRS, SMBBMU Larkana, Moomal Institute of Physiotherapy & Allied Health Sciences Hyderabad and Shaaf Institute Institute of Medical & Modern Sciences Larkana"
"result-of-second-professional-dpt-third-semester-re-sit-examination-session-2020-2021-of-moomal-institute-of-physiotherapy-allied-health-sciences-hyderabad-held-in-the-month-of-september-2023-10-03-2023","circular","examination","Result of Second Professional DPT, Third Semester Re-Sit Examination Session 2020-2021 of Moomal Institute of Physiotherapy & Allied Health Sciences Hyderabad Held in the month of September 2023"
"result-of-third-professional-dpt-fifth-semester-re-sit-examination-session-2019-2020-of-institute-of-physiotherapy-rehabilitation-sciences-irs-smbbmu-larkana-held-in-the-month-of-august-2023-10-03-2023","circular","examination","Result of Third Professional DPT, Fifth Semester Re-Sit Examination Session 2019-2020 of Institute of Physiotherapy & Rehabilitation Sciences (IRS), SMBBMU Larkana Held in the month of August 2023"
"examination-schedule-of-postgraduate-courses-session-march-2023-10-02-2023","circular","examination","Examination Schedule of Postgraduate Courses Session March, 2023."
"result-of-postgraduate-diploma-clinical-examinations-of-diploma-in-psychiatric-medicine-september-2022-held-in-the-month-of-september-2023-09-22-2023","circular","examination","Result of Postgraduate Diploma (Clinical Examinations) of Diploma in Psychiatric Medicine September 2022 held in the month of September 2023"
"result-of-postgraduate-diploma-clinical-examination-september-2022-held-in-the-month-of-september-2023-09-13-2023","circular","examination","Result of Postgraduate Diploma (Clinical) Examination September, 2022 held in the month of September, 2023"
"result-of-bs-generic-year-ii-semester-vi-re-sit-examination-session-2018-19-of-benazir-college-of-nursing-smbbmu-larkana-held-in-the-month-of-august-2023-09-13-2023","circular","examination","Result of BS (GENERIC) Year-|II Semester VI Re-Sit Examination Session 2018-19 of Benazir College of Nursing, SMBBMU Larkana, held in the month of August 2023"
"time-table-of-diploma-in-psychiatric-medicine-dpm-clinical-examination-september-2022-09-08-2023","circular","examination","Time Table of Diploma in Psychiatric Medicine (DPM) Clinical Examination September, 2022"
"time-table-of-diploma-in-dermatology-dderm-examination-september-2022-09-08-2023","circular","examination","Time Table of Diploma in Dermatology (D.Derm) Examination September, 2022"
"result-of-postgraduate-degree-diploma-theory-examinations-september-2022-held-in-the-month-of-may-2023-09-06-2023","circular","examination","Result of Postgraduate Degree & Diploma (Theory) Examinations September 2022 held in the month of May 2023."
"time-table-of-diploma-in-gynaecology-and-obstetrics-dgo-examination-september-2022-09-06-2023","circular","examination","Time Table of Diploma in Gynaecology and Obstetrics (DGO) Examination September, 2022"
"interviews-of-postgraduate-courses-for-session-july-2023-08-07-2023","circular","job","Interviews of Postgraduate Courses for Session July 2023"
"schedule-of-entry-test-for-university-courses-session-july-2023-08-02-2023","circular","admission","Schedule of Entry test for University Courses Session July 2023"
"third-merit-list-of-students-of-smbbmu-larkana-who-applied-for-pm-laptop-scheme-07-31-2023","circular","admission","Third Merit List of Students of SMBBMU Larkana who applied for PM Laptop Scheme"
"notice-for-expression-of-interest-for-cafeteriamess-services-on-rental-basis-07-20-2023","tender","circular","Notice for Expression of interest for Cafeteria/Mess Services on Rental Basis"
"result-declaration-of-the-entry-test-of-postgraduate-course-07-10-2023","circular","examination","Result Declaration of the Entry Test of Postgraduate Course"
"results-of-postgraduate-degree-theory-examination-september-2022-held-in-the-month-of-may-2023-07-05-2023","circular","examination","Results of Postgraduate Degree (Theory) Examination September 2022 held in the month of May, 2023"
"result-of-postgraduate-diploma-clinical-examination-march-2022-held-in-the-month-of-june-2023-07-05-2023","circular","examination","Result of Postgraduate Diploma (Clinical) Examination March 2022 held in the month of June, 2023"
"result-of-bsngeneric-year-iii-semester-iv-re-sit-examination-session-2018-19-of-benazir-college-of-nursing-held-in-the-month-of-may-2023-07-05-2023","circular","examination","Result of BSN(Generic) Year-III Semester -IV Re-Sit Examination Session 2018-19 of Benazir College of Nursing, held in the Month of May 2023"
"admissions-for-postgraduate-courses-for-session-july-2023-07-01-2023","circular","admission","Admissions for Postgraduate Courses for Session July 2023"
"revised-result-of-third-professional-mbbs-third-year-annual-examination-session-2019-2020-of-chandka-medical-college-larkana-ghulam-muhammad-mahar-medical-college-sukkur-and-gambat-medical-college-gambat-held-in-the-month-of-january-2023-06-19-2023","circular","examination","Revised Result of Third Professional MBBS, Third Year (Annual) Examination, Session 2019-2020 of Chandka Medical College Larkana, Ghulam Muhammad Mahar Medical College Sukkur and Gambat Medical College Gambat held In the month of January 2023"
"time-table-of-md-pediatric-medicinemidterm-and-dch-examination-06-12-2023","circular","examination","Time Table of MD Pediatric Medicine(MidTerm) and DCH Examination"
"time-table-of-dip-card-diploma-in-cardiology-clinical-examination-march-2022-06-08-2023","circular","examination","TIME TABLE of DIP-CARD (DIPLOMA IN CARDIOLOGY) CLINICAL EXAMINATION - MARCH, 2022"
"circular-of-postgraduate-examinations-of-session-march-2023-in-all-degree-and-diploma-courses-06-08-2023","circular","examination","Circular of Postgraduate Examinations of Session March, 2023 in all Degree and Diploma courses."
"admission-for-certificate-in-health-professions-education-c-hpe-session-2023-05-30-2023","circular","admission","Admission for Certificate in Health Professions Education (C-HPE) Session 2023"
"result-of-fourth-professional-mbbs-fourth-year-annual-examination-session-2018-2019-of-chandka-medical-college-larkana-ghulam-muhammad-mahar-medical-college-sukkur-and-gambat-medical-college-gambat-held-in-the-month-of-january-2023-05-26-2023","circular","examination","Result of Fourth Professional MBBS, Fourth Year (Annual) Examination, Session 2018-2019 of Chandka Medical College Larkana, Ghulam Muhammad Mahar Medical College Sukkur and Gambat Medical College Gambat held in the month of January 2023"
"result-of-postgraduate-degree-theory-examination-september-2022-held-in-the-month-of-may-2023-05-26-2023","circular","examination","Result of. Postgraduate Degree (Theory) Examination September 2022 held in the month of May 2023."
"result-of-bs-post-rn-additional-subjects-examination-session-2012-14-of-benazir-college-of-nursing-smbbmu-larkana-held-in-the-month-of-december-2022-05-22-2023","circular","examination","Result of BS POST-RN Additional Subjects Examination Session 2012-14 of Benazir College of Nursing, SMBBMU Larkana, held in the month of December 2022"
"result-of-bsn-generic-year-ll-semester-v-regular-examination-session-2019-20-of-benazir-college-of-nursing-smbbmu-larkana-held-in-the-month-of-march-2023-05-22-2023","circular","examination","Result of BSN (GENERIC) Year-ll Semester-|V Regular Examination Session 2019-20 of Benazir College of Nursing, SMBBMU Larkana, held in the month of March 2023"
"result-of-postgraduate-degree-clinical-examination-march-2022-held-in-the-month-of-may-2023-05-22-2023","circular","examination","Result of Postgraduate Degree Clinical Examination March 2022 held in the month of May 2023"
"result-of-third-professional-mbbs-third-year-annual-examination-session-2019-2020-of-chandka-medical-college-larkana-ghulam-muhammad-mahar-medical-college-sukkur-and-gambat-medical-college-gambat-held-in-the-month-of-january-2023-05-22-2023","circular","examination","Result of Third Professional MBBS, Third Year (Annual) Examination, Session 2019-2020 of Chandka Medical College Larkana, Ghulam Muhammad Mahar Medical College Sukkur and Gambat Medical College Gambat held in the month of January 2023"
"result-of-bsngeneric-year-i-semester-ii-regular-examination-session-2021-22-05-11-2023","circular","examination","Result of BSN(Generic) Year-I, Semester-II Regular Examination Session 2021-22"
"result-of-the-final-professional-mbbs-final-year-examination-held-in-the-month-of-january-2023-05-05-2023","circular","examination","Result of the Final Professional MBBS Final Year Examination held in the month of January 2023"
"admissions-for-english-language-certification-courses-05-03-2023","circular","admission","Admissions for English Language Certification Courses"
"corrigendum-for-admission-in-leftover-postgraduate-courses-session-jan-2023-03-24-2023","circular","admission","Corrigendum for Admission in leftover Postgraduate Courses Session Jan-2023"
"declaration-of-result-of-post-graduate-examination-of-diploma-in-dermatology-session-march-2022-held-in-the-month-of-january-2023-01-28-2023","circular","examination","Declaration of Result of Post Graduate Examination of Diploma in Dermatology session March 2022 held in the month  of January 2023"
"time-table-for-clinical-examination-of-diploma-in-dermatology-march-2022-01-19-2023","circular","examination","Time Table for Clinical examination of Diploma in Dermatology March 2022"
"applications-are-invited-for-admissions-to-bs-nursinggeneric-bsc-nursing-post-rn-at-benazir-college-of-nursing-smbbmu-larkana-01-14-2023","circular","admission","Applications are invited for: ADMISSIONS TO BS Nursing(Generic) & B.Sc Nursing (Post RN) at Benazir College of Nursing SMBBMU Larkana"
"applications-are-invited-from-interested-candidates-for-admissions-to-1-st-year-pharm-d-dpt-course-session-2022-23-at-smbbmu-larkana-01-14-2023","circular","admission","Applications are invited from Interested Candidates for: ADMISSIONS TO 1 st Year Pharm-D / DPT Course Session 2022-23 At SMBBMU Larkana"
"postgraduate-interview-schedule-for-the-session-january-2023-at-smbb-medical-university-larkana-01-10-2023","circular","job","Postgraduate interview schedule for the session January 2023 at SMBB Medical University Larkana"
"schedule-of-examination-for-4th-and-5th-mbbs-professional-session-2018-19-2017-18-enrolled-at-smbb-medical-university-larkana-and-its-constituent-collages-01-04-2023","circular","examination","Schedule of Examination for 4th and 5th MBBS Professional  (Session 2018 - 19, 2017 - 18) enrolled at SMBB Medical University Larkana and It's constituent Collages"
"announcement-of-result-of-various-postgraduate-courses-held-in-december-2022-session-january-2023-01-04-2023","circular","examination","Announcement of result of various Postgraduate courses held in December 2022 (Session January 2023)"
"schedule-for-the-entry-test-of-msc-msph-diploma-mcps-courses-december-2022-at-smbb-medical-university-larkana-12-28-2022","circular","admission","Schedule for the entry test of M.SC, MSPH & Diploma/ MCPS Courses December 2022  at SMBB Medical University Larkana."
"schedule-for-entry-test-for-the-phd-and-mphil-course-december-2022-at-smbb-medical-university-larkana-12-28-2022","circular","admission","Schedule for entry test for the PH.D and MPHIL course December 2022 at SMBB Medical University Larkana"
"schedule-for-entry-test-md-ms-part-i-december-2022-at-smbb-medical-university-larkana-12-28-2022","circular","admission","Schedule for entry test MD / MS PART-I December 2022 at SMBB Medical University Larkana"
"schedule-for-entry-tests-fcps-ii-training-programs-december-2022-at-smbb-medical-university-larkana-12-28-2022","circular","admission","Schedule for entry tests FCPS-II Training Programs December 2022 at SMBB Medical University Larkana"
"result-of-sucessful-candidates-of-chpe-training-12-20-2022","circular","examination","Result of Sucessful Candidates of CHPE Training"
"pplications-on-prescribed-forms-are-invited-from-interested-in-service-private-candidates-for-admissions-to-trainingresidency-programs-as-given-below-for-the-session-january-2023-at-smbbmu-larkana-11-30-2022","circular","admission","Applications on prescribed forms are invited from interested IN-SERVICE / PRIVATE Candidates for admissions to Training/Residency  programs (as given below) for the Session January 2023 at  SMBBMU, Larkana."
"admission-for-certificate-in-health-professions-education-c-hpe-session-2023-11-30-2022","circular","admission","ADMISSION FOR CERTIFICATE IN HEALTH PROFESSIONS EDUCATION (C-HPE) SESSION 2023"
"circular-for-postgraduate-examination-of-session-september-2022-10-13-2022","circular","examination","Circular for Postgraduate Examination of Session September, 2022"
"declaration-of-results-of-postgraduate-examination-held-in-august-2022-09-11-2022","circular","examination","Declaration of Results of Postgraduate Examination held in August 2022"
"declaration-of-results-of-postgraduate-examination-held-in-june-2022-09-11-2022","circular","examination","Declaration of Results of Postgraduate Examination held in June 2022"
"declaration-of-results-of-postgraduate-examination-held-in-june-and-july-2022-08-16-2022","circular","examination","Declaration of Results of Postgraduate Examination held in June and July 2022"
"declaration-of-results-of-postgraduate-examination-held-in-august-2022-08-16-2022","circular","examination","Declaration of Results of Postgraduate Examination held in August 2022"
"announcement-if-result-of-post-graduate-entry-test-june-2022-session-july-2022-at-smbb-medical-university-larkana-07-27-2022","circular","examination","Announcement if Result of Post-Graduate Entry Test June, 2022 (Session July 2022) at SMBB Medical University Larkana"
"call-for-interviews-of-successful-candidates-of-post-graduate-entry-test-june-2022-session-july-2022-at-smbb-medical-university-larkana-07-27-2022","circular","admission","Call for Interviews of Successful candidates of Post-Graduate Entry Test June 2022 (Session July 2022) at SMBB Medical University Larkana"
"announcement-of-entry-test-interview-for-admissions-in-postgraduate-courses-session-july-2022-at-smbb-medical-university-larkana","circular","admission","ANNOUNCEMENT OF ENTRY TEST/INTERVIEW FOR ADMISSIONS IN POSTGRAGUATE COURSES SESSION JULY 2022 AT SMBB MEDICAL UNIVERSITY, LARKANA."
"postponed-of-postgraduate-entry-test-for-the-july-2022-session-smbb-medical-university-larkana-06-27-2022","circular","admission","Postponed of Postgraduate Entry test for the July 2022 Session SMBB Medical University, Larkana."
"admissions-of-postgraduate-courses-for-the-session-of-july-2022-at-smbb-medical-university-larkana-05-30-2022","circular","admission","Admissions of Postgraduate Courses for the session of  July 2022 at SMBB Medical University, Larkana."
"admission-for-certificate-in-health-professions-education-c-hpe-session-2022-04-18-2022","circular","admission","Admission for Certificate in Health Professions Education (C-HPE) Session 2022"
"admissions-to-1st-year-bsngeneric-on-ueap-local-basis-for-session-2021-22-04-18-2022","circular","admission","Admissions To 1st Year BSN(Generic) on UEAP Local Basis for Session 2021-22"
"result-of-postgraduate-examination-held-in-september-2021-03-28-2022","circular","examination","Result of Postgraduate Examination held in September 2021"
"result-of-entry-test-for-admission-into-nursing-programs-at-smbbmu-for-session-2021-22-held-on-06-03-2022-03-08-2022","circular","examination","Result of Entry Test for Admission into Nursing Programs at SMBBMU for Session  2021-22 held on 06-03-2022"
"result-of-postgraduate-degreeclinical-examination-september-2021-held-in-the-month-of-february-2022-03-07-2022","circular","examination","Result of Postgraduate Degree(Clinical) Examination September 2021 held in the month of February 2022"
"answer-key-for-entry-test-held-on-06-03-2022-for-admission-into-bsngeneric-for-session-2021-22-03-06-2022","circular","admission","Answer key for Entry Test held on 06-03-2022 for Admission into BSN(GENERIC) for Session 2021-22"
"answer-key-for-entry-test-held-on-06-03-2022-for-admission-into-bscpostrn-for-session-2021-22-03-06-2022","circular","admission","Answer key for Entry Test held on 06-03-2022 for Admission into BSC(POSTRN) for Session 2021-22"
"result-of-postgraduate-degree-and-diploma-examination-september-2021-02-11-2022","circular","examination","Result of Postgraduate Degree and Diploma Examination September 2021"
"result-of-postgraduate-entry-tests-and-mdms-part-i-examination-december-2021-12-22-2021","circular","examination","Result of Postgraduate Entry Tests and MD/MS Part-I Examination December 2021"
"notice-for-interviews-of-fcps-ii-for-session-january-2021-22-12-22-2021","circular","job","Notice for Interviews of FCPS-II for Session January 2021-22"
"admissions-for-mbbsbds-for-session-2021-22-12-12-2021","circular","admission","Admissions for MBBS/BDS for Session 2021-22"
"postgraduate-admissions-for-session-january-2022-11-15-2021","tender","admission","Postgraduate Admissions for Session January 2022"
"notice-for-candidates-domiciled-in-the-province-of-sindh-to-fill-the-online-form-10-18-2021","admission","circular","Notice for candidates domiciled in the province of Sindh to fill the online form"
"notice-for-interviews-of-successful-candidates-of-different-specialties-for-session-july-2021-06-22-2021","circular","job","Notice for Interviews of Successful Candidates of Different Specialties for Session July 2021"
"result-of-mdms-part-i-and-entry-test-of-mphil-diploma-mcps-and-fcps-ii-for-session-july-2021-06-22-2021","circular","examination","Result of MD/MS Part-I and Entry Test of M.Phil, Diploma, MCPS and FCPS-II for Session July 2021"
"result-of-diploma-in-medical-radio-diagnosisdmrd-part-i-06-03-2021","circular","examination","Result of Diploma in Medical Radio-Diagnosis(DMRD) Part - I"
"time-table-of-entry-test-for-mphil-diploma-mcps-courses-06-03-2021","circular","examination","Time Table of Entry Test for M.PHIL, Diploma & MCPS Courses"
"time-table-of-entry-test-for-mdms-part-i-examination-06-03-2021","circular","examination","Time Table of Entry Test for MD/MS Part-I Examination"
"result-of-fourth-professional-mbbs-fourth-year-annual-examination-04-28-2021","circular","examination","Result of fourth professional MBBS Fourth Year (Annual Examination)"
"result-of-first-professional-bds-first-year-supplementary-examination-04-22-2021","circular","examination","Result of first professional BDS First Year (Supplementary) examination"
"result-of-second-professional-bds-second-year-supplementary-examination-04-22-2021","circular","examination","Result of second professional BDS Second Year (Supplementary) examination"
"result-of-final-professional-mbbs-final-year-annual-examination-session-2015-16-04-19-2021","circular","examination","Result of Final Professional MBBS, Final Year (Annual) Examination, Session 2015-16"
"time-table-for-postgraduate-degree-diploma-theory-examinations-march-2021-04-05-2021","circular","examination","Time table for Postgraduate Degree / Diploma Theory Examinations March 2021"
"provisional-list-of-candidates-who-have-applied-for-admission-to-dptpharm-d-courses-for-session-2020-21-03-03-2021","tender","admission","Provisional List of Candidates who have Applied for Admission to DPT/PHARM-D Courses for Session 2020-21"
"list-of-candidates-who-have-applied-for-admission-to-dpt-pharmd-courses-for-session-2020-21-02-11-2021","circular","admission","List of Candidates who have Applied for Admission to DPT /PHARM.D Courses for Session 2020-21"
"result-of-mid-term-examination-of-ms-gynecology-obsterics-02-05-2021","circular","examination","Result of Mid-Term Examination of MS Gynecology & Obsterics"
"provisional-list-of-candidates-who-applied-for-admission-to-bsc-nursinggeneric-at-smbbmu-larkana-02-02-2021","circular","admission","Provisional list of candidates who applied for admission to BSc Nursing(Generic) at SMBBMU, Larkana"
"schedule-of-interview-for-the-candidates-provisionally-selected-to-1st-year-mbbs-session-2020-21-for-gmmmc-center-01-27-2021","admission","job","Schedule of interview for the candidates provisionally selected to 1st year MBBS session 2020-21 for GMMMC Center"
"schedule-of-interview-for-the-candidates-provisionally-selected-to-1st-year-mbbs-session-2020-21-for-cmc-center-01-21-2021","admission","job","Schedule of interview for the candidates provisionally selected to 1st year MBBS session 2020-21 for CMC Center"
"admissions-for-mbbsbds-for-session-2020-21-01-01-2021","circular","admission","Admissions for MBBS/BDS for Session 2020-21"
"notice-for-interviews-for-successful-postgraduate-students-of-different-specialties-12-18-2020","circular","job","Notice for interviews for successful postgraduate students of different specialties"
"result-of-entry-test-of-diploma-msph-msc-msmd-phd-mphil-and-fcps-ii-12-16-2020","circular","examination","Result of entry test of Diploma, MSPH, MSc. MS/MD  PH.D, MPhil and FCPS-II"
"admissions-for-bs-nursing-generic-bsc-nursing-post-rn-at-benazir-college-of-nursing-smbbmu-larkana-12-11-2020","circular","admission","Admissions for BS Nursing (Generic) & BSc Nursing (Post RN) at Benazir College of Nursing SMBBMU Larkana"
"result-of-bscn-year-ii-semester-iii-regular-examination-session-2017-18-11-16-2020","circular","examination","Result of BscN Year-II Semester-III regular examination Session 2017-18"
"result-of-first-professional-pham-d-first-year-supplementary-examination-session-2017-18-11-14-2020","circular","examination","Result of first professional Pham-D first year (supplementary) examination session 2017-18"
"result-of-second-professional-pham-d-second-year-supplementary-examination-session-2018-19-11-14-2020","circular","examination","Result of second professional Pham-D second year (supplementary) examination session 2018-19"
"result-of-third-professional-bds-third-year-annual-examination-session-2016-17-11-14-2020","circular","examination","Result of third professional BDS third year (Annual) examination session 2016-17"
"notice-for-1st-2nd-3rd-4th-and-5th-professional-mbbs-11-03-2020","tender","circular","Notice for 1st, 2nd, 3rd, 4th and 5th Professional MBBS"
"result-of-first-professional-mbbs-first-year-supplementary-examination-10-16-2020","circular","examination","Result of first professional MBBS First Year (Supplementary) examination"
"result-of-third-professional-mbbs-third-year-supplementary-examination-10-16-2020","circular","examination","Result of Third Professional MBBS Third Year (Supplementary) examination"
"result-of-second-professional-mbbs-second-year-supplementary-examination-10-15-2020","circular","examination","Result of Second Professional MBBS Second Year (Supplementary) examination"
"schedule-for-1st-and-2nd-professional-mbbssupplementary-theory-ospe-examinations-09-15-2020","circular","examination","Schedule for 1st and 2nd Professional MBBS(Supplementary) Theory & OSPE Examinations"
"schedule-for-3rd-and-4th-professional-mbbssupplementary-theory-ospe-examinations-09-15-2020","circular","examination","Schedule for 3rd and 4th Professional MBBS(Supplementary) Theory & OSPE Examinations"
"schedule-for-4th-professional-bds-annual-theory-ospe-osce-examinations-09-15-2020","circular","examination","Schedule for 4th Professional BDS Annual (Theory & OSPE / OSCE) Examinations"
"notice-for-mdms-mid-termpart-ii-final-mphil-diploma-examination-march-2020-08-19-2020","circular","examination","Notice for MD/MS Mid-term/Part-II Final M.Phil & Diploma Examination March 2020"
"result-of-entry-test-of-phd-mphil-msph-mcps-mdms-i-and-diploma-courses-for-session-july-2020-08-05-2020","circular","examination","Result of entry test of PhD, M.Phil, MSPH, MCPS, MD/MS-I and Diploma Courses for session July 2020"
"time-table-for-1st-and-2nd-professional-mbbs-supplementary-examination-08-04-2020","circular","examination","Time table for 1st and 2nd professional MBBS supplementary examination"
"result-of-final-professional-mbbs-supplementary-online-examination-07-25-2020","circular","examination","Result of Final Professional MBBS Supplementary online examination"
"notice-for-supplementary-examination-06-10-2020","circular","examination","Notice for supplementary examination"
"time-table-for-final-professional-mbbs-online-supplementary-examination-06-10-2020","circular","examination","Time table for final professional MBBS online supplementary examination"
"result-of-final-professional-mbbs-final-year-annual-examination-session-2014-15-03-07-2020","circular","examination","Result of Final Professional MBBS Final Year Annual Examination Session 2014-15"
"result-of-first-professional-mbbs-first-year-annual-examination-session-2018-19-02-25-2020","circular","examination","Result of First Professional MBBS First Year Annual Examination Session 2018-19"
"result-of-second-professional-mbbs-second-year-annual-examination-session-2017-18-02-25-2020","circular","examination","Result of Second Professional MBBS Second Year Annual Examination Session 2017-18"
"interview-schedule-for-ehsaas-undergraduate-scholarship-02-21-2020","circular","job","Interview Schedule for Ehsaas Undergraduate Scholarship"
"notice-for-mdms-mid-termpart-ii-final-mphil-diploma-examination-march-2020-02-21-2020","circular","examination","Notice for MD/MS Mid-term/Part-II Final M.Phil & Diploma Examination March 2020"
"result-of-md-internal-medicine-mid-termtheory-examination-september-2019-01-09-2020","circular","examination","Result of MD Internal Medicine Mid-Term(Theory) Examination September 2019"
"result-of-final-professional-bds-examination-supplementary-for-session-2014-15-of-bibi-aseefa-dental-college-larkana-held-in-the-month-of-december-2019-12-31-2019","circular","examination","Result of Final Professional BDS Examination (Supplementary) for Session 2014-15 of Bibi Aseefa Dental College Larkana Held in the Month of December 2019"
"notice-for-day-one-celebration-of-batch-48-at-chandka-medical-college-12-28-2019","admission","circular","Notice for Day One Celebration of Batch 48 at Chandka Medical College"
"result-of-31st-selection-board-held-on-12th-and-13th-november-2019-12-26-2019","circular","examination","Result of 31st Selection Board held on 12th and 13th November 2019"
"result-of-32nd-selection-board-held-on-23rd-and-24th-november-2019-12-26-2019","circular","examination","Result of 32nd Selection Board held on 23rd and 24th November 2019"
"result-of-33rd-selection-board-held-on-7th-and-8th-december-2019-12-26-2019","circular","examination","Result of 33rd Selection Board held on 7th and 8th December 2019"
"result-of-34th-selection-board-held-on-23rd-december-2019-12-26-2019","circular","examination","Result of 34th Selection Board held on 23rd December 2019"
"result-of-entry-test-of-diploma-fcps-ii-training-mdms-part-i-examination-for-session-january-2019-12-17-2019","circular","examination","Result of Entry Test Of Diploma, FCPS-II Training, MD/MS Part-I Examination for Session January 2019"
"admissions-to-1st-year-mbbsbds-on-reserved-seats-of-overseas-pakistanis-11-29-2019","circular","admission","Admissions to 1st Year MBBS/BDS on Reserved Seats of Overseas Pakistani's"
"admissions-to-1st-year-mbbsbds-on-ueap-local-basis-11-29-2019","circular","admission","Admissions to 1st Year MBBS/BDS on UEAP Local Basis"
"provisional-merit-list-of-candidates-who-have-applied-for-admission-into-1st-year-mbbsbds-courses-for-session-2019-20-at-shaheed-mohtarma-benazir-bhutto-medical-university-larkana-11-27-2019","circular","admission","Provisional Merit List of Candidates who have Applied for Admission Into 1ST: Year MBBS/BDS Courses for Session 2019-20 at Shaheed Mohtarma Benazir Bhutto Medical University Larkana"
"notice-for-online-submission-of-form-09-27-2019","admission","circular","Notice for Online Submission of Form"
"notice-for-entry-test-result-09-19-2019","admission","examination","Notice for Entry Test Result"
"result-of-pre-interview-written-test-for-the-post-of-physiotherapistbps-17-held-smbbmu-areeja-campus-on-09-07-2019-07-10-2019","circular","examination","Result of Pre-Interview written test for the post of Physiotherapist(BPS-17) held @SMBBMU Areeja Campus on 09-07-2019"
"answer-key-for-pre-interview-written-test-for-the-post-of-physiotherapistbps-17-held-smbbmu-areeja-campus-on-09-07-2019-07-09-2019","circular","job","Answer key for Pre-Interview written test for the post of Physiotherapist(BPS-17) held @SMBBMU Areeja Campus on 09-07-2019"
"pre-interview-written-test-for-the-post-of-physiotherapistbps-17-07-02-2019","circular","job","Pre-Interview written test for the post of Physiotherapist(BPS-17)"
"result-of-entry-test-of-diploma-fcps-ii-training-mdms-part-i-examination-for-session-july-2019-06-18-2019","circular","examination","Result of Entry Test Of Diploma, FCPS-II Training, MD/MS Part-I Examination for session july 2019"
"result-of-first-professional-mbbs-first-year-supplementary-examination-session-2017-18-06-13-2019","circular","examination","Result of First Professional MBBS First Year Supplementary Examination Session 2017-18"
"result-of-second-professional-mbbs-second-year-supplementary-examination-session-2016-17-06-13-2019","circular","examination","Result of Second Professional MBBS Second Year Supplementary Examination Session 2016-17"
"result-of-third-professional-mbbs-third-year-supplementary-examination-session-2015-16-06-13-2019","circular","examination","Result of Third Professional MBBS Third Year Supplementary Examination Session 2015-16"
"result-of-fourth-professional-mbbs-fourth-year-supplementary-examination-session-2014-15-06-13-2019","circular","examination","Result of Fourth Professional MBBS Fourth Year Supplementary Examination Session 2014-15"
"result-of-fifth-professional-mbbs-fifth-year-supplementary-examination-session-2013-14-06-13-2019","circular","examination","Result of Fifth Professional MBBS Fifth Year Supplementary Examination Session 2013-14"
"result-of-selection-board-of-smbbmu-held-on-11th-may-2019-05-14-2019","circular","examination","Result of selection board of SMBBMU held on 11th May 2019"
"result-of-first-prof-pharm-d-supplementary-examination-session-2016-17-04-29-2019","circular","examination","Result of First Prof. Pharm-D Supplementary Examination Session 2016-17"
"result-of-bsn-generic-first-semester-regular-examination-session-2017-18-04-29-2019","circular","examination","Result of BSN (Generic) First Semester Regular Examination Session 2017-18"
"result-of-bsn-post-rn-first-semester-regular-examination-session-2017-18-04-29-2019","circular","examination","Result of BSN (POST-RN) First Semester Regular Examination Session 2017-18"
"result-of-third-professional-mbbs-examination-session-2015-16-held-in-the-month-of-november-2018-03-20-2019","circular","examination","Result of Third Professional MBBS Examination Session 2015-16 held in the month of November 2018"
"result-of-fourth-professional-mbbs-session-2014-15-held-in-the-month-of-november-2018-03-18-2019","circular","examination","Result of Fourth Professional MBBS Session 2014-15 held in the month of November 2018"
"result-of-second-professional-mbbs-session-2016-17-held-in-the-month-of-november-2018-03-12-2019","circular","examination","Result of Second Professional MBBS Session 2016-17 held in the month of November 2018"
"result-of-first-professional-mbbs-session-2017-18-held-in-the-month-of-november-2018-03-11-2019","circular","examination","Result of First Professional MBBS Session 2017-18 held in the month of November 2018"
"result-of-first-year-pharm-d-examination-session-2016-17-01-14-2019","circular","examination","Result of First Year Pharm-D Examination Session 2016-17"
"notice-day-one-celebration-amended-12-24-2018","admission","circular","Notice for Day One Celebration (Amended)"
"result-of-mdms-part-i-examination-december-2018-12-17-2018","circular","examination","Result of MD/MS Part-I Examination December 2018"
"entry-test-result-of-fcps-ii-mphil-diploma-courses-for-session-january-2019-12-17-2018","circular","examination","Entry Test Result of FCPS-II, M.PHIL & Diploma Courses for session January 2019"
"schedule-of-interview-for-the-candidates-provisionally-selected-to-1st-year-mbbs-course-session-2018-19-at-cmc-smbbmu-larkana-11-30-2018","admission","job","Schedul of Interview for The Candiates Provisionally Selected to 1ST YEAR MBBS Course Session 2018-19 at CMC SMBBMU LARKANA"
"provisional-result-uploaded-with-objection-form-last-date-of-submission-of-objection-is-3rd-nov-2018-11-01-2018","admission","examination","Provisional Result uploaded with objection form. Last date of submission of Objection is  3rd Nov 2018"
"result-of-final-professional-bds-annual-examination-session-2013-14-11-01-2018","circular","examination","Result of Final Professional BDS Annual Examination Session 2013-14"
"provisional-eligibility-list-of-candidates-gmmmc-sukkur-who-have-applied-for-admission-into-1st-year-mbbs-bds-courses-for-session-2018-19-10-24-2018","circular","admission","Provisional Eligibility list of candidates GMMMC SUKKUR who have applied for admission into 1st: year MBBS /BDS courses for session 2018-19"
"result-of-third-professional-bds-supplementary-examination-10-15-2018","circular","examination","Result of Third Professional BDS (Supplementary Examination)"
"overseas-application-form-notice-and-processing-fee-voucher-10-10-2018","admission","circular","Overseas Application form, Notice and processing fee voucher"
"notice-for-fill-online-form-for-smbbmu-tagged-districts-candidates-10-04-2018","admission","circular","Notice for fill online form for SMBBMU tagged districts candidates"
"result-of-diploma-in-clinical-neurology-dcn-clinical-examination-march-2018-09-24-2018","circular","examination","Result of Diploma in clinical neurology (DCN) clinical examination march 2018"
