"sort_order","name","designation","roster"
"376","Dr. Syed Yousif Ali Shah","Professor","campus:bibi-aseefa-dental-college-larkana"
"377","Dr. Wajid Ali","Senior Registrar","campus:bibi-aseefa-dental-college-larkana"
"378","Dr. Preh Abro","Lecturer","campus:bibi-aseefa-dental-college-larkana"
"379","Dr. Muhammad Rafique Tagar","Associate Professor","campus:bibi-aseefa-dental-college-larkana"
"380","Dr. Arsalan Humayun","Assistant Professor","campus:bibi-aseefa-dental-college-larkana"
"381","Dr. Abdul Bari Memon","Associate Professor","campus:bibi-aseefa-dental-college-larkana"
"382","Dr. Imran Ali Maitlo","Lecturer","campus:bibi-aseefa-dental-college-larkana"
"383","Dr. Muhammad Adil","","campus:bibi-aseefa-dental-college-larkana"
"384","Prof. Dr. Kouro Mal Gurbakhshani","Professor","campus:bibi-aseefa-dental-college-larkana"
"385","Dr. Saira Baby","Lecturer","campus:bibi-aseefa-dental-college-larkana"
"386","Dr. Muharram Ali","Assistant Professor","campus:bibi-aseefa-dental-college-larkana"
"387","Dr. Muhammad Mubashir Ahmed","Senior Registrar","campus:bibi-aseefa-dental-college-larkana"
"388","Dr. Shumaila Shaikh","Assistant Professor","campus:bibi-aseefa-dental-college-larkana"
"389","Dr. Sarwanand","Senior Registrar","campus:bibi-aseefa-dental-college-larkana"
"390","Dr. Imdad Hussain","Senior Registrar","campus:bibi-aseefa-dental-college-larkana"
"391","Dr. Rashid Iqbal Bughio","Lecturer / Demonstrator","campus:bibi-aseefa-dental-college-larkana"
"392","Dr. Rajesh Kumar","Lecturer / Demonstrator","campus:bibi-aseefa-dental-college-larkana"
"393","Dr. Sarang Suresh","Lecturer","campus:bibi-aseefa-dental-college-larkana"
"394","Dr. Sunny","Lecturer","campus:bibi-aseefa-dental-college-larkana"
"395","Dr. Nadia Bashir","Lecturer","campus:bibi-aseefa-dental-college-larkana"
"396","Prof. Dr. Qaimuddin Shaikh","Professor","campus:bibi-aseefa-dental-college-larkana"
"397","Dr. Aswad Ahmed","Associate Professor (CCB)","campus:bibi-aseefa-dental-college-larkana"
"398","Dr. Asfar Hussain","Assistant Professor (CCB)","campus:bibi-aseefa-dental-college-larkana"
"399","Dr. Kinza Fatima","Lecturer","campus:bibi-aseefa-dental-college-larkana"
"400","Dr. Naeem Mustafa","Lecturer","campus:bibi-aseefa-dental-college-larkana"
"401","Dr. Bharti Kumari","Lecturer","campus:bibi-aseefa-dental-college-larkana"
"402","Dr. Priya Kumari","Lecturer","campus:bibi-aseefa-dental-college-larkana"
"403","Dr. Saleem Raza Khuhawar","Professor","campus:bibi-aseefa-dental-college-larkana"
"404","Dr. Arslan Ali","Lecturer / Registrar","campus:bibi-aseefa-dental-college-larkana"
"405","Dr. Farzana Mangi","Lecturer / Demonstrator","campus:bibi-aseefa-dental-college-larkana"
"406","Dr. Reeta Khatri","Lecturer / Demonstrator","campus:bibi-aseefa-dental-college-larkana"
"407","Dr. Surwaich Ali","Assistant Professor","campus:bibi-aseefa-dental-college-larkana"
"408","Dr. Mehak Irshad Abro","Lecturer / Demonstrator","campus:bibi-aseefa-dental-college-larkana"
"409","Dr. Priya Rani","Lecturer","campus:bibi-aseefa-dental-college-larkana"
"410","Dr. Almas Rahoojo","Assistant Professor","campus:bibi-aseefa-dental-college-larkana"
"411","Dr. Seema Hameed","Lecturer / Demonstrator","campus:bibi-aseefa-dental-college-larkana"
"412","Dr. Shazia Shakeel","Lecturer / Demonstrator","campus:bibi-aseefa-dental-college-larkana"
"413","Dr. Murk Dodani","Lecturer","campus:bibi-aseefa-dental-college-larkana"
"414","Dr. Safia Rani","Lecturer","campus:bibi-aseefa-dental-college-larkana"
"415","Dr. Asma Bano","Lecturer / Demonstrator","campus:bibi-aseefa-dental-college-larkana"
"416","Dr. Ghulam Muhiddin Shah","Lecturer / Demonstrator","campus:bibi-aseefa-dental-college-larkana"
"417","Dr. Abdul Jabbar Lakhiar","Lecturer","campus:bibi-aseefa-dental-college-larkana"
"418","Dr. Mehak Memon","Lecturer","campus:bibi-aseefa-dental-college-larkana"
"419","Dr. Ume Farwa","Lecturer","campus:bibi-aseefa-dental-college-larkana"
"420","Dr. Ali Gul Tunio","Professor","campus:bibi-aseefa-dental-college-larkana"
"421","Dr. Asif Ali","Lecturer","campus:bibi-aseefa-dental-college-larkana"
"422","Prof. Amar Lal Gurbakhshani","Professor","campus:bibi-aseefa-dental-college-larkana"
"423","Dr Imran Samejo","Associate Professor","campus:bibi-aseefa-dental-college-larkana"
"424","Dr. Shabir Ahmed","Assistant Professor","campus:bibi-aseefa-dental-college-larkana"
"425","Dr. Waheed Murad Dahri","Assistant Professor","campus:bibi-aseefa-dental-college-larkana"
"426","Dr. Amit Kumar","Lecturer / Registrar","campus:bibi-aseefa-dental-college-larkana"
"427","Dr Sana Sattar","Lecturer","campus:bibi-aseefa-dental-college-larkana"
"428","Dr. Deepak Kumar","Lecturer","campus:bibi-aseefa-dental-college-larkana"
"429","Dr. Sanam Bhutto","Lecturer","campus:bibi-aseefa-dental-college-larkana"
"430","Dr. Sadam Rind","Lecturer","campus:bibi-aseefa-dental-college-larkana"
"431","Dr. Shahid Ali Mirani","Assistant Professor","campus:bibi-aseefa-dental-college-larkana"
"432","Dr. Sandeep Kumar","Lecturer / Demonstrator","campus:bibi-aseefa-dental-college-larkana"
"433","Dr. Rajesh Mandhan","Lecturer / Demonstrator","campus:bibi-aseefa-dental-college-larkana"
"434","Dr. Maria Saba","Lecturer / Demonstrator","campus:bibi-aseefa-dental-college-larkana"
"435","Mr. Nazeer Ali","Associate Professor","campus:benazir-college-of-nursing-larkana"
"436","MR. GHULAM ABBAS PANHWAR","Associate Professor","campus:benazir-college-of-nursing-larkana"
"437","Ms. Sara Chandio","Lecturer","campus:benazir-college-of-nursing-larkana"
"438","Ms. Humera Wagan","Lecturer","campus:benazir-college-of-nursing-larkana"
"439","Mr. Aftab Ghouri","Lecturer","campus:benazir-college-of-nursing-larkana"
"440","MR. Abdul Wahid Bhayo","Lecturer","campus:benazir-college-of-nursing-larkana"
"441","Ms. Faiza Jokhio","Lecturer","campus:benazir-college-of-nursing-larkana"
"442","Mr. Saifullah Soomro","Lecturer","campus:benazir-college-of-nursing-larkana"
"443","Mr. Ali Asghar","Lecturer","campus:benazir-college-of-nursing-larkana"
"444","Mr. Asif Ali Magsi","Lecturer","campus:benazir-college-of-nursing-larkana"
"445","Ms. Kaneez Fiza","Lecurer","campus:benazir-college-of-nursing-larkana"
"446","Mr. Asif Jamali","Lecturer","campus:benazir-college-of-nursing-larkana"
"447","Dr. Waseem Abbas Malhani","Associate Professor","campus:department-of-pharmacy"
"448","Dr. Abdul Rauf Khaskheli","Professor","campus:department-of-pharmacy"
"449","Prof. Dr. Nadeem Baloch","Associate Professor","campus:department-of-pharmacy"
"450","Dr. Maryam Qazi","Assistant Professor","campus:department-of-pharmacy"
"451","Dr. Saleem Ahmed Joyo","Assistant Professor","campus:department-of-pharmacy"
"452","Dr. Bilawal","Assistant Professor","campus:department-of-pharmacy"
"453","Mr. Ayaz Ali Unar","Lecturer","campus:department-of-pharmacy"
"454","Dr. Sofia","Lecturer","campus:department-of-pharmacy"
"455","Dr Athar Ali","Lecturer","campus:department-of-pharmacy"
"456","Dr Muhammad Umair","Lecturer","campus:department-of-pharmacy"
"457","Dr Rasheed Ahmed","Lecturer","campus:department-of-pharmacy"
"458","Dr. Mukesh Kumar","","campus:institute-of-physiotherapy"
"459","Dr. Vikash","Lecturer","campus:institute-of-physiotherapy"
"460","Dr. Naseebullah","Lecturer","campus:institute-of-physiotherapy"
"461","Dr. Adil Ameer Ali","Lecturer","campus:institute-of-physiotherapy"
"462","Dr. Natasha Bhutto","Lecturer","campus:institute-of-physiotherapy"
"463","Dr. Shobha","Lecturer","campus:institute-of-physiotherapy"
"464","Dr. Sunny Kumar","Lecturer","campus:institute-of-physiotherapy"
"465","Dr Komal","","campus:institute-of-physiotherapy"
"466","Dr. Sonam","","campus:institute-of-physiotherapy"
"467","Dr. Shahmeer Khan","","campus:institute-of-physiotherapy"
"468","Dr. Fayaz Hussain","","campus:institute-of-physiotherapy"
